{
"frames": {
	"img_01.png": {
		"frame": {"x":0, "y":284, "w":14, "h":156},
		"spriteSourceSize": {"x":228,"y":450,"w":1366,"h":768},
		"sourceSize": {"w":1366,"h":768}
	},
	"img_02.png": {
		"frame": {"x":0, "y":0, "w":893, "h":150},
		"spriteSourceSize": {"x":298,"y":455,"w":1366,"h":768},
		"sourceSize": {"w":1366,"h":768}
	},
	"img_03.png": {
		"frame": {"x":0, "y":151, "w":612, "h":132},
		"spriteSourceSize": {"x":225,"y":273,"w":1366,"h":768},
		"sourceSize": {"w":1366,"h":768}
	}

},
"meta": {
	"image": "assets.png",
	"size": {"w": 894, "h": 441},
	"scale": "1"
}
}