{
"frames": {
	"img_00.png": {
		"frame": {"x":0, "y":685, "w":469, "h":7},
		"spriteSourceSize": {"x":447,"y":146,"w":1366,"h":768},
		"sourceSize": {"w":1366,"h":768}
	},
	"img_01.png": {
		"frame": {"x":0, "y":0, "w":937, "h":616},
		"spriteSourceSize": {"x":215,"y":152,"w":1366,"h":768},
		"sourceSize": {"w":1366,"h":768}
	},
	"img_02.png": {
		"frame": {"x":0, "y":617, "w":636, "h":67},
		"spriteSourceSize": {"x":362,"y":137,"w":1366,"h":768},
		"sourceSize": {"w":1366,"h":768}
	}

},
"meta": {
	"image": "assets.png",
	"size": {"w": 938, "h": 693},
	"scale": "1"
}
}