{
"frames": {
	"img_00.png": {
		"frame": {"x":0, "y":0, "w":937, "h":616},
		"spriteSourceSize": {"x":215,"y":152,"w":1366,"h":768},
		"sourceSize": {"w":1366,"h":768}
	},
	"img_01.png": {
		"frame": {"x":0, "y":617, "w":416, "h":37},
		"spriteSourceSize": {"x":474,"y":155,"w":1366,"h":768},
		"sourceSize": {"w":1366,"h":768}
	},
	"img_02.png": {
		"frame": {"x":0, "y":655, "w":156, "h":7},
		"spriteSourceSize": {"x":604,"y":214,"w":1366,"h":768},
		"sourceSize": {"w":1366,"h":768}
	}

},
"meta": {
	"image": "assets.png",
	"size": {"w": 938, "h": 663},
	"scale": "1"
}
}